{
  "providers": [
    {
      "type": "bitmap",
      "file": "magic:icons/brushes/default.png",
      "ascent": 10,
      "height": 16,
      "chars": [
        ""
      ]
    },
    {
      "type": "bitmap",
      "file": "magic:icons/brushes/clone.png",
      "ascent": 10,
      "height": 16,
      "chars": [
        ""
      ]
    },
    {
      "type": "bitmap",
      "file": "magic:icons/brushes/copy.png",
      "ascent": 10,
      "height": 16,
      "chars": [
        ""
      ]
    },
    {
      "type": "bitmap",
      "file": "magic:icons/brushes/erase.png",
      "ascent": 10,
      "height": 16,
      "chars": [
        ""
      ]
    },
    {
      "type": "bitmap",
      "file": "magic:icons/brushes/map.png",
      "ascent": 10,
      "height": 16,
      "chars": [
        ""
      ]
    },
    {
      "type": "bitmap",
      "file": "magic:icons/brushes/replicate.png",
      "ascent": 10,
      "height": 16,
      "chars": [
        ""
      ]
    },
    {
      "type": "bitmap",
      "file": "magic:icons/brushes/schematic.png",
      "ascent": 10,
      "height": 16,
      "chars": [
        ""
      ]
    }
  ]
}