{
  "providers": [
    {
      "type": "bitmap",
      "file": "magic:gui/empty.png",
      "ascent": 10,
      "height": 16,
      "chars": [
        ""
      ]
    },
    {
      "file": "magic:gui/cooldown.png",
      "ascent": 10,
      "type": "bitmap",
      "chars": [
        ""
      ],
      "height": 16
    },
    {
      "file": "magic:gui/hotbar_slot.png",
      "ascent": 13,
      "type": "bitmap",
      "chars": [
        ""
      ],
      "height": 22
    },
    {
      "file": "magic:gui/hotbar_active_slot.png",
      "ascent": 13,
      "type": "bitmap",
      "chars": [
        ""
      ],
      "height": 22
    },
    {
      "file": "magic:gui/actionbar.png",
      "ascent": 0,
      "type": "bitmap",
      "chars": [
        ""
      ],
      "height": 64
    },
    {
      "file": "magic:gui/bossbar.png",
      "ascent": 0,
      "type": "bitmap",
      "chars": [
        ""
      ],
      "height": 64
    },
    {
      "file": "magic:gui/nogui.png",
      "ascent": 0,
      "type": "bitmap",
      "chars": [
        ""
      ],
      "height": 64
    },
    {
      "file": "magic:icons/other/nathanwolf.png",
      "ascent": 10,
      "type": "bitmap",
      "chars": [
        ""
      ],
      "height": 16
    },
    {
      "file": "magic:gui/bar.png",
      "ascent": -10,
      "type": "bitmap",
      "chars": [
        "",
        "",
        "",
        "",
        "",
        "",
        "",
        "",
        "",
        "",
        "",
        "",
        "",
        "",
        "",
        "",
        "",
        "",
        "",
        "",
        "",
        "",
        "",
        "",
        "",
        "",
        "",
        "",
        "",
        "",
        "",
        "",
        "",
        ""
      ],
      "height": 5
    }
  ]
}