{
  "credit": "Made with Blockbench",
  "parent": "magic:base/lit",
  "texture_size": [
    64,
    64
  ],
  "textures": {
    "0": "magic:other/longbow",
    "1": "minecraft:block/white_wool",
    "particle": "magic:other/longbow"
  },
  "elements": [
    {
      "from": [
        7.25,
        16.18264,
        8.5979
      ],
      "to": [
        8.75,
        20.18264,
        9.0979
      ],
      "rotation": {
        "angle": 45,
        "axis": "x",
        "origin": [
          8.25,
          26.18264,
          8.5979
        ]
      },
      "faces": {
        "north": {
          "uv": [
            1.5,
            5,
            2.25,
            7
          ],
          "texture": "#0"
        },
        "east": {
          "uv": [
            0.25,
            1.75,
            0.5,
            3.75
          ],
          "texture": "#0"
        },
        "south": {
          "uv": [
            1.25,
            2.5,
            2,
            4.5
          ],
          "texture": "#0"
        },
        "west": {
          "uv": [
            1,
            3.5,
            1.25,
            5.5
          ],
          "texture": "#0"
        },
        "up": {
          "uv": [
            2,
            1.5,
            1.25,
            1.25
          ],
          "texture": "#0"
        },
        "down": {
          "uv": [
            1,
            7,
            0.25,
            7.25
          ],
          "texture": "#0"
        }
      }
    },
    {
      "from": [
        7.25,
        -6.43709,
        8.5979
      ],
      "to": [
        8.75,
        -2.43709,
        9.0979
      ],
      "rotation": {
        "angle": -45,
        "axis": "x",
        "origin": [
          8.25,
          -12.43709,
          8.5979
        ]
      },
      "faces": {
        "north": {
          "uv": [
            1,
            5.75,
            1.75,
            7.75
          ],
          "texture": "#0"
        },
        "east": {
          "uv": [
            1.5,
            3.75,
            1.75,
            5.75
          ],
          "texture": "#0"
        },
        "south": {
          "uv": [
            1.25,
            3.25,
            2,
            5.25
          ],
          "texture": "#0"
        },
        "west": {
          "uv": [
            1.75,
            4,
            2,
            6
          ],
          "texture": "#0"
        },
        "up": {
          "uv": [
            1.75,
            3.75,
            1,
            3.5
          ],
          "texture": "#0"
        },
        "down": {
          "uv": [
            1.25,
            4.5,
            0.5,
            4.75
          ],
          "texture": "#0"
        }
      }
    },
    {
      "from": [
        7.25,
        25.4733,
        5.70149
      ],
      "to": [
        8.75,
        29.4733,
        6.20149
      ],
      "rotation": {
        "angle": -22.5,
        "axis": "x",
        "origin": [
          7.25,
          25.4733,
          6.70149
        ]
      },
      "faces": {
        "north": {
          "uv": [
            1.25,
            1.5,
            2,
            3.5
          ],
          "texture": "#0"
        },
        "east": {
          "uv": [
            0.5,
            1.5,
            0.75,
            3.5
          ],
          "texture": "#0"
        },
        "south": {
          "uv": [
            0.75,
            1.75,
            1.5,
            3.75
          ],
          "texture": "#0"
        },
        "west": {
          "uv": [
            1.25,
            3.25,
            1.5,
            5.25
          ],
          "texture": "#0"
        },
        "up": {
          "uv": [
            1.75,
            6.5,
            1,
            6.25
          ],
          "texture": "#0"
        },
        "down": {
          "uv": [
            2.5,
            5,
            1.75,
            5.25
          ],
          "texture": "#0"
        }
      }
    },
    {
      "from": [
        7.25,
        -15.72775,
        5.70149
      ],
      "to": [
        8.75,
        -11.72775,
        6.20149
      ],
      "rotation": {
        "angle": 22.5,
        "axis": "x",
        "origin": [
          7.25,
          -11.72775,
          6.70149
        ]
      },
      "faces": {
        "north": {
          "uv": [
            1.25,
            3.5,
            2,
            1.5
          ],
          "texture": "#0"
        },
        "east": {
          "uv": [
            0.5,
            3.5,
            0.75,
            1.5
          ],
          "texture": "#0"
        },
        "south": {
          "uv": [
            0.75,
            3.75,
            1.5,
            1.75
          ],
          "texture": "#0"
        },
        "west": {
          "uv": [
            1.25,
            5.25,
            1.5,
            3.25
          ],
          "texture": "#0"
        },
        "up": {
          "uv": [
            2.5,
            5.25,
            1.75,
            5
          ],
          "texture": "#0"
        },
        "down": {
          "uv": [
            1.75,
            6.25,
            1,
            6.5
          ],
          "texture": "#0"
        }
      }
    },
    {
      "from": [
        7.25,
        -15.72775,
        5.70149
      ],
      "to": [
        8.75,
        -11.72775,
        6.20149
      ],
      "rotation": {
        "angle": 22.5,
        "axis": "x",
        "origin": [
          7.25,
          -11.72775,
          6.70149
        ]
      },
      "faces": {
        "north": {
          "uv": [
            6,
            6,
            6.75,
            8
          ],
          "texture": "#0"
        },
        "east": {
          "uv": [
            7.5,
            2,
            7.75,
            4
          ],
          "texture": "#0"
        },
        "south": {
          "uv": [
            6,
            0,
            6.75,
            2
          ],
          "texture": "#0"
        },
        "west": {
          "uv": [
            7.5,
            4,
            7.75,
            6
          ],
          "texture": "#0"
        },
        "up": {
          "uv": [
            8.75,
            8.25,
            8,
            8
          ],
          "texture": "#0"
        },
        "down": {
          "uv": [
            8.75,
            0,
            8,
            0.25
          ],
          "texture": "#0"
        }
      }
    },
    {
      "from": [
        7.249,
        21.3951,
        4.17075
      ],
      "to": [
        8.751,
        25.3951,
        4.67075
      ],
      "rotation": {
        "angle": 22.5,
        "axis": "x",
        "origin": [
          7.25,
          21.3951,
          5.17075
        ]
      },
      "faces": {
        "north": {
          "uv": [
            0.75,
            4.75,
            1.5,
            6.75
          ],
          "texture": "#0"
        },
        "east": {
          "uv": [
            0.75,
            3.25,
            1,
            5.25
          ],
          "texture": "#0"
        },
        "south": {
          "uv": [
            1.5,
            1.25,
            2.25,
            3.25
          ],
          "texture": "#0"
        },
        "west": {
          "uv": [
            1.75,
            1.75,
            2,
            3.75
          ],
          "texture": "#0"
        },
        "up": {
          "uv": [
            1.25,
            7,
            0.5,
            6.75
          ],
          "texture": "#0"
        },
        "down": {
          "uv": [
            1.5,
            6.75,
            0.75,
            7
          ],
          "texture": "#0"
        }
      }
    },
    {
      "from": [
        7.249,
        -11.64955,
        4.17075
      ],
      "to": [
        8.751,
        -7.64955,
        4.67075
      ],
      "rotation": {
        "angle": -22.5,
        "axis": "x",
        "origin": [
          7.25,
          -7.64955,
          5.17075
        ]
      },
      "faces": {
        "north": {
          "uv": [
            0,
            5,
            0.75,
            7
          ],
          "texture": "#0"
        },
        "east": {
          "uv": [
            1.5,
            1.5,
            1.75,
            3.5
          ],
          "texture": "#0"
        },
        "south": {
          "uv": [
            1,
            3.25,
            1.75,
            5.25
          ],
          "texture": "#0"
        },
        "west": {
          "uv": [
            0.25,
            4.75,
            0.5,
            6.75
          ],
          "texture": "#0"
        },
        "up": {
          "uv": [
            1.25,
            4,
            0.5,
            3.75
          ],
          "texture": "#0"
        },
        "down": {
          "uv": [
            0.75,
            5.25,
            0,
            5.5
          ],
          "texture": "#0"
        }
      }
    },
    {
      "from": [
        7.249,
        8.34933,
        4.3589
      ],
      "to": [
        8.751,
        18.34933,
        4.8589
      ],
      "rotation": {
        "angle": 22.5,
        "axis": "x",
        "origin": [
          7.75,
          25.84933,
          4.8589
        ]
      },
      "faces": {
        "north": {
          "uv": [
            0.5,
            3.25,
            1.25,
            8.25
          ],
          "texture": "#0"
        },
        "east": {
          "uv": [
            1.5,
            2.5,
            1.75,
            7.5
          ],
          "texture": "#0"
        },
        "south": {
          "uv": [
            1.5,
            4.5,
            2.25,
            9.5
          ],
          "texture": "#0"
        },
        "west": {
          "uv": [
            0.5,
            2.25,
            0.75,
            7.25
          ],
          "texture": "#0"
        },
        "up": {
          "uv": [
            1.5,
            8.25,
            0.75,
            8
          ],
          "texture": "#0"
        },
        "down": {
          "uv": [
            1.25,
            1,
            0.5,
            1.25
          ],
          "texture": "#0"
        }
      }
    },
    {
      "from": [
        7.249,
        -4.60377,
        4.3589
      ],
      "to": [
        8.751,
        5.39623,
        4.8589
      ],
      "rotation": {
        "angle": -22.5,
        "axis": "x",
        "origin": [
          7.75,
          -12.10377,
          4.8589
        ]
      },
      "faces": {
        "north": {
          "uv": [
            1,
            1.75,
            1.75,
            6.75
          ],
          "texture": "#0"
        },
        "east": {
          "uv": [
            1.75,
            5.75,
            2,
            10.75
          ],
          "texture": "#0"
        },
        "south": {
          "uv": [
            1,
            0.75,
            1.75,
            5.75
          ],
          "texture": "#0"
        },
        "west": {
          "uv": [
            1.5,
            3.5,
            1.75,
            8.5
          ],
          "texture": "#0"
        },
        "up": {
          "uv": [
            2.25,
            7.5,
            1.5,
            7.25
          ],
          "texture": "#0"
        },
        "down": {
          "uv": [
            1.25,
            4.75,
            0.5,
            5
          ],
          "texture": "#0"
        }
      }
    },
    {
      "from": [
        7,
        3.87278,
        -2.5
      ],
      "to": [
        9,
        9.87278,
        -1.5
      ],
      "rotation": {
        "angle": 0,
        "axis": "y",
        "origin": [
          0.3,
          -12.42722,
          0
        ]
      },
      "faces": {
        "north": {
          "uv": [
            3.25,
            0,
            4.25,
            3
          ],
          "texture": "#0"
        },
        "east": {
          "uv": [
            5,
            0,
            5.5,
            3
          ],
          "texture": "#0"
        },
        "south": {
          "uv": [
            4.25,
            0,
            5.25,
            3
          ],
          "texture": "#0"
        },
        "west": {
          "uv": [
            4,
            0,
            4.5,
            3
          ],
          "texture": "#0"
        },
        "up": {
          "uv": [
            5,
            1.5,
            4,
            2
          ],
          "texture": "#0"
        },
        "down": {
          "uv": [
            5,
            1.5,
            4,
            2
          ],
          "texture": "#0"
        }
      }
    },
    {
      "from": [
        7.95,
        -11.22722,
        5.95
      ],
      "to": [
        8.05,
        24.97278,
        6.05
      ],
      "rotation": {
        "angle": 0,
        "axis": "y",
        "origin": [
          7.95,
          -12.42722,
          7.95
        ]
      },
      "faces": {
        "north": {
          "uv": [
            0,
            0,
            0.25,
            9
          ],
          "texture": "#1"
        },
        "east": {
          "uv": [
            0.25,
            0.25,
            0.5,
            9.25
          ],
          "texture": "#1"
        },
        "south": {
          "uv": [
            0.5,
            0.5,
            0.75,
            9.5
          ],
          "texture": "#1"
        },
        "west": {
          "uv": [
            0.75,
            0.75,
            1,
            9.75
          ],
          "texture": "#1"
        },
        "up": {
          "uv": [
            0.5,
            0.25,
            0.25,
            0
          ],
          "texture": "#1"
        },
        "down": {
          "uv": [
            0.75,
            0,
            0.5,
            0.25
          ],
          "texture": "#1"
        }
      }
    }
  ],
  "display": {
    "thirdperson_righthand": {
      "translation": [
        0,
        -0.5,
        12
      ]
    },
    "thirdperson_lefthand": {
      "translation": [
        0,
        -0.5,
        12
      ]
    },
    "firstperson_righthand": {
      "rotation": [
        15,
        0,
        0
      ],
      "translation": [
        5,
        0,
        0
      ]
    },
    "firstperson_lefthand": {
      "rotation": [
        15,
        0,
        0
      ],
      "translation": [
        5,
        0,
        0
      ]
    },
    "ground": {
      "rotation": [
        0,
        0,
        90
      ],
      "translation": [
        -0.5,
        0,
        3.5
      ],
      "scale": [
        0.5,
        0.5,
        0.5
      ]
    },
    "gui": {
      "rotation": [
        -90,
        135,
        90
      ],
      "translation": [
        2.1,
        -1,
        0
      ],
      "scale": [
        0.5,
        0.5,
        0.5
      ]
    },
    "head": {
      "translation": [
        0,
        2.25,
        12.5
      ],
      "scale": [
        2,
        2,
        2
      ]
    },
    "fixed": {
      "rotation": [
        -90,
        -135,
        90
      ],
      "translation": [
        -0.65,
        -1.5,
        -0.25
      ],
      "scale": [
        0.5,
        0.5,
        0.5
      ]
    }
  }
}