{
  "credit": "Made with Blockbench by TheDarthFather",
  "texture_size": [
    64,
    64
  ],
  "textures": {
    "1": "magic:halloween/pumpkin_hat",
    "2": "magic:halloween/pumpkin_face",
    "particle": "magic:halloween/pumpkin_face"
  },
  "elements": [
    {
      "from": [
        3,
        0,
        3.5
      ],
      "to": [
        12,
        5,
        12.5
      ],
      "rotation": {
        "angle": 0,
        "axis": "y",
        "origin": [
          10,
          8,
          11
        ]
      },
      "faces": {
        "north": {
          "uv": [
            0,
            0,
            16,
            10
          ],
          "texture": "#2"
        },
        "east": {
          "uv": [
            0,
            0,
            16,
            2
          ],
          "texture": "#2"
        },
        "south": {
          "uv": [
            0,
            0,
            16,
            2
          ],
          "texture": "#2"
        },
        "west": {
          "uv": [
            0,
            0,
            16,
            2
          ],
          "texture": "#2"
        },
        "up": {
          "uv": [
            16,
            2,
            0,
            0
          ],
          "texture": "#2"
        },
        "down": {
          "uv": [
            16,
            0,
            0,
            2
          ],
          "texture": "#2"
        }
      }
    },
    {
      "from": [
        2.75,
        0,
        3.25
      ],
      "to": [
        12.25,
        2,
        12.75
      ],
      "rotation": {
        "angle": 0,
        "axis": "y",
        "origin": [
          10,
          8,
          11
        ]
      },
      "faces": {
        "north": {
          "uv": [
            0,
            6,
            16,
            16
          ],
          "texture": "#2"
        },
        "east": {
          "uv": [
            8,
            0.5,
            10.5,
            1
          ],
          "texture": "#2"
        },
        "south": {
          "uv": [
            0,
            0,
            16,
            1.75
          ],
          "texture": "#2"
        },
        "west": {
          "uv": [
            0,
            0,
            16,
            1.75
          ],
          "texture": "#2"
        },
        "up": {
          "uv": [
            16,
            1.75,
            0,
            0
          ],
          "texture": "#2"
        },
        "down": {
          "uv": [
            16,
            0,
            0,
            1.75
          ],
          "texture": "#2"
        }
      }
    },
    {
      "from": [
        1,
        -1,
        2
      ],
      "to": [
        14,
        0,
        14
      ],
      "rotation": {
        "angle": 0,
        "axis": "y",
        "origin": [
          10,
          7,
          11
        ]
      },
      "faces": {
        "north": {
          "uv": [
            7.75,
            7.5,
            11,
            7.75
          ],
          "texture": "#1"
        },
        "east": {
          "uv": [
            8.75,
            2.25,
            11.75,
            2.5
          ],
          "texture": "#1"
        },
        "south": {
          "uv": [
            8.75,
            2,
            12,
            2.25
          ],
          "texture": "#1"
        },
        "west": {
          "uv": [
            8.75,
            2.5,
            11.75,
            2.75
          ],
          "texture": "#1"
        },
        "up": {
          "uv": [
            3.25,
            3,
            0,
            0
          ],
          "texture": "#1"
        },
        "down": {
          "uv": [
            3.25,
            3,
            0,
            6
          ],
          "texture": "#1"
        }
      }
    },
    {
      "from": [
        14,
        -1,
        3
      ],
      "to": [
        16,
        0,
        13
      ],
      "rotation": {
        "angle": 0,
        "axis": "z",
        "origin": [
          15,
          -0.5,
          8
        ]
      },
      "faces": {
        "north": {
          "uv": [
            9.25,
            5.25,
            9.75,
            5.5
          ],
          "texture": "#1"
        },
        "east": {
          "uv": [
            3.25,
            3,
            5.75,
            3.25
          ],
          "texture": "#1"
        },
        "south": {
          "uv": [
            9.25,
            5.5,
            9.75,
            5.75
          ],
          "texture": "#1"
        },
        "west": {
          "uv": [
            8.75,
            3.75,
            11.25,
            4
          ],
          "texture": "#1"
        },
        "up": {
          "uv": [
            6.25,
            10.5,
            5.75,
            8
          ],
          "texture": "#1"
        },
        "down": {
          "uv": [
            6.75,
            8,
            6.25,
            10.5
          ],
          "texture": "#1"
        }
      }
    },
    {
      "from": [
        -1,
        -1,
        3
      ],
      "to": [
        1,
        0,
        13
      ],
      "rotation": {
        "angle": 0,
        "axis": "z",
        "origin": [
          0,
          -0.5,
          8
        ]
      },
      "faces": {
        "north": {
          "uv": [
            9.25,
            5.75,
            9.75,
            6
          ],
          "texture": "#1"
        },
        "east": {
          "uv": [
            8.75,
            4,
            11.25,
            4.25
          ],
          "texture": "#1"
        },
        "south": {
          "uv": [
            9.25,
            6,
            9.75,
            6.25
          ],
          "texture": "#1"
        },
        "west": {
          "uv": [
            8.75,
            4.25,
            11.25,
            4.5
          ],
          "texture": "#1"
        },
        "up": {
          "uv": [
            7.25,
            10.5,
            6.75,
            8
          ],
          "texture": "#1"
        },
        "down": {
          "uv": [
            7.75,
            8,
            7.25,
            10.5
          ],
          "texture": "#1"
        }
      }
    },
    {
      "from": [
        16,
        -1,
        6
      ],
      "to": [
        17,
        0,
        10
      ],
      "rotation": {
        "angle": 0,
        "axis": "z",
        "origin": [
          15,
          -0.5,
          8
        ]
      },
      "faces": {
        "north": {
          "uv": [
            9.25,
            8,
            9.5,
            8.25
          ],
          "texture": "#1"
        },
        "east": {
          "uv": [
            1.25,
            9.25,
            2.25,
            9.5
          ],
          "texture": "#1"
        },
        "south": {
          "uv": [
            9.25,
            8.25,
            9.5,
            8.5
          ],
          "texture": "#1"
        },
        "west": {
          "uv": [
            4.5,
            9.25,
            5.5,
            9.5
          ],
          "texture": "#1"
        },
        "up": {
          "uv": [
            3.25,
            7,
            3,
            6
          ],
          "texture": "#1"
        },
        "down": {
          "uv": [
            3.25,
            7,
            3,
            8
          ],
          "texture": "#1"
        }
      }
    },
    {
      "from": [
        -2,
        -1,
        6
      ],
      "to": [
        -1,
        0,
        10
      ],
      "rotation": {
        "angle": 0,
        "axis": "z",
        "origin": [
          0,
          -0.5,
          8
        ]
      },
      "faces": {
        "north": {
          "uv": [
            9.25,
            8.5,
            9.5,
            8.75
          ],
          "texture": "#1"
        },
        "east": {
          "uv": [
            7.75,
            9.25,
            8.75,
            9.5
          ],
          "texture": "#1"
        },
        "south": {
          "uv": [
            9.25,
            8.75,
            9.5,
            9
          ],
          "texture": "#1"
        },
        "west": {
          "uv": [
            8.75,
            9.25,
            9.75,
            9.5
          ],
          "texture": "#1"
        },
        "up": {
          "uv": [
            2.75,
            10,
            2.5,
            9
          ],
          "texture": "#1"
        },
        "down": {
          "uv": [
            3,
            9,
            2.75,
            10
          ],
          "texture": "#1"
        }
      }
    },
    {
      "from": [
        2,
        -1,
        0
      ],
      "to": [
        13,
        0,
        2
      ],
      "rotation": {
        "angle": 0,
        "axis": "x",
        "origin": [
          7.5,
          -0.5,
          0.25
        ]
      },
      "faces": {
        "north": {
          "uv": [
            8.75,
            2.75,
            11.5,
            3
          ],
          "texture": "#1"
        },
        "east": {
          "uv": [
            7.25,
            5,
            7.75,
            5.25
          ],
          "texture": "#1"
        },
        "south": {
          "uv": [
            8.75,
            3,
            11.5,
            3.25
          ],
          "texture": "#1"
        },
        "west": {
          "uv": [
            7.25,
            5.25,
            7.75,
            5.5
          ],
          "texture": "#1"
        },
        "up": {
          "uv": [
            10.5,
            7,
            7.75,
            6.5
          ],
          "texture": "#1"
        },
        "down": {
          "uv": [
            10.5,
            7,
            7.75,
            7.5
          ],
          "texture": "#1"
        }
      }
    },
    {
      "from": [
        2,
        -1,
        14
      ],
      "to": [
        13,
        0,
        16
      ],
      "rotation": {
        "angle": 0,
        "axis": "x",
        "origin": [
          7.5,
          -0.5,
          15.75
        ]
      },
      "faces": {
        "north": {
          "uv": [
            8.75,
            3.25,
            11.5,
            3.5
          ],
          "texture": "#1"
        },
        "east": {
          "uv": [
            7.25,
            5.5,
            7.75,
            5.75
          ],
          "texture": "#1"
        },
        "south": {
          "uv": [
            8.75,
            3.5,
            11.5,
            3.75
          ],
          "texture": "#1"
        },
        "west": {
          "uv": [
            9.25,
            5,
            9.75,
            5.25
          ],
          "texture": "#1"
        },
        "up": {
          "uv": [
            5.75,
            8.5,
            3,
            8
          ],
          "texture": "#1"
        },
        "down": {
          "uv": [
            10.75,
            0,
            8,
            0.5
          ],
          "texture": "#1"
        }
      }
    },
    {
      "from": [
        5,
        -1,
        -1
      ],
      "to": [
        10,
        0,
        0
      ],
      "rotation": {
        "angle": 0,
        "axis": "x",
        "origin": [
          7.5,
          -0.5,
          0.25
        ]
      },
      "faces": {
        "north": {
          "uv": [
            4.5,
            8.5,
            5.75,
            8.75
          ],
          "texture": "#1"
        },
        "east": {
          "uv": [
            2.25,
            9.25,
            2.5,
            9.5
          ],
          "texture": "#1"
        },
        "south": {
          "uv": [
            4.5,
            8.75,
            5.75,
            9
          ],
          "texture": "#1"
        },
        "west": {
          "uv": [
            5.5,
            9.25,
            5.75,
            9.5
          ],
          "texture": "#1"
        },
        "up": {
          "uv": [
            10,
            4.75,
            8.75,
            4.5
          ],
          "texture": "#1"
        },
        "down": {
          "uv": [
            10,
            4.75,
            8.75,
            5
          ],
          "texture": "#1"
        }
      }
    },
    {
      "from": [
        5,
        -1,
        16
      ],
      "to": [
        10,
        0,
        17
      ],
      "rotation": {
        "angle": 0,
        "axis": "x",
        "origin": [
          7.5,
          -0.5,
          15.75
        ]
      },
      "faces": {
        "north": {
          "uv": [
            0,
            9,
            1.25,
            9.25
          ],
          "texture": "#1"
        },
        "east": {
          "uv": [
            9.25,
            6.25,
            9.5,
            6.5
          ],
          "texture": "#1"
        },
        "south": {
          "uv": [
            1.25,
            9,
            2.5,
            9.25
          ],
          "texture": "#1"
        },
        "west": {
          "uv": [
            9.25,
            7.75,
            9.5,
            8
          ],
          "texture": "#1"
        },
        "up": {
          "uv": [
            5.75,
            9.25,
            4.5,
            9
          ],
          "texture": "#1"
        },
        "down": {
          "uv": [
            1.25,
            9.25,
            0,
            9.5
          ],
          "texture": "#1"
        }
      }
    },
    {
      "from": [
        4,
        2.25,
        5
      ],
      "to": [
        10,
        8.25,
        11
      ],
      "rotation": {
        "angle": 22.5,
        "axis": "z",
        "origin": [
          6.5,
          5.75,
          8
        ]
      },
      "faces": {
        "north": {
          "uv": [
            0,
            6,
            1.5,
            7.5
          ],
          "texture": "#1"
        },
        "east": {
          "uv": [
            1.5,
            6,
            3,
            7.5
          ],
          "texture": "#1"
        },
        "south": {
          "uv": [
            0,
            7.5,
            1.5,
            9
          ],
          "texture": "#1"
        },
        "west": {
          "uv": [
            1.5,
            7.5,
            3,
            9
          ],
          "texture": "#1"
        },
        "up": {
          "uv": [
            9.25,
            9.25,
            7.75,
            7.75
          ],
          "texture": "#1"
        },
        "down": {
          "uv": [
            9.25,
            5,
            7.75,
            6.5
          ],
          "texture": "#1"
        }
      }
    },
    {
      "from": [
        3.94134,
        5.53806,
        6.5
      ],
      "to": [
        6.94134,
        11.53806,
        9.5
      ],
      "rotation": {
        "angle": 45,
        "axis": "z",
        "origin": [
          5.19134,
          8.53806,
          8
        ]
      },
      "faces": {
        "north": {
          "uv": [
            8,
            2,
            8.75,
            3.5
          ],
          "texture": "#1"
        },
        "east": {
          "uv": [
            8,
            3.5,
            8.75,
            5
          ],
          "texture": "#1"
        },
        "south": {
          "uv": [
            3,
            8.5,
            3.75,
            10
          ],
          "texture": "#1"
        },
        "west": {
          "uv": [
            3.75,
            8.5,
            4.5,
            10
          ],
          "texture": "#1"
        },
        "up": {
          "uv": [
            6.5,
            5.75,
            5.75,
            5
          ],
          "texture": "#1"
        },
        "down": {
          "uv": [
            7.25,
            5,
            6.5,
            5.75
          ],
          "texture": "#1"
        }
      }
    }
  ],
  "display": {
    "thirdperson_righthand": {
      "rotation": [
        60,
        0,
        0
      ],
      "translation": [
        0.5,
        3,
        4.25
      ],
      "scale": [
        0.5,
        0.5,
        0.5
      ]
    },
    "thirdperson_lefthand": {
      "rotation": [
        60,
        0,
        0
      ],
      "translation": [
        -0.5,
        3,
        4.25
      ],
      "scale": [
        0.5,
        0.5,
        0.5
      ]
    },
    "firstperson_righthand": {
      "translation": [
        4.13,
        3.2,
        -2.5
      ],
      "scale": [
        0.3,
        0.3,
        0.3
      ]
    },
    "firstperson_lefthand": {
      "translation": [
        4.13,
        3.2,
        -2.5
      ],
      "scale": [
        0.3,
        0.3,
        0.3
      ]
    },
    "ground": {
      "translation": [
        0,
        4.75,
        0
      ],
      "scale": [
        0.5,
        0.5,
        0.5
      ]
    },
    "gui": {
      "rotation": [
        25,
        -143,
        0
      ],
      "translation": [
        0,
        2.25,
        0
      ],
      "scale": [
        0.55,
        0.55,
        0.55
      ]
    },
    "head": {
      "rotation": [
        6,
        0,
        0
      ],
      "translation": [
        0.75,
        16.25,
        1
      ],
      "scale": [
        1.65,
        1.65,
        1.65
      ]
    },
    "fixed": {
      "translation": [
        0.75,
        4,
        -10
      ]
    }
  }
}