{
  "parent": "magic:base/lit",
  "textures": {
    "particle": "magic:bending/earthbending",
    "material": "magic:bending/earthbending"
  },
  "elements": [
    {
      "from": [
        -0.45,
        -0.45,
        -0.45
      ],
      "to": [
        16.45,
        16.45,
        16.45
      ],
      "faces": {
        "north": {
          "uv": [
            3,
            3,
            13,
            13
          ],
          "texture": "#material"
        },
        "south": {
          "uv": [
            3,
            3,
            13,
            13
          ],
          "texture": "#material"
        },
        "east": {
          "uv": [
            3,
            3,
            13,
            13
          ],
          "texture": "#material"
        },
        "west": {
          "uv": [
            3,
            3,
            13,
            13
          ],
          "texture": "#material"
        },
        "up": {
          "uv": [
            3,
            3,
            13,
            13
          ],
          "texture": "#material"
        },
        "down": {
          "uv": [
            3,
            3,
            13,
            13
          ],
          "texture": "#material"
        }
      }
    },
    {
      "from": [
        2.93,
        -2.14,
        2.93
      ],
      "to": [
        13.07,
        18.14,
        13.07
      ],
      "faces": {
        "north": {
          "uv": [
            5,
            2,
            11,
            14
          ],
          "texture": "#material"
        },
        "south": {
          "uv": [
            5,
            2,
            11,
            14
          ],
          "texture": "#material"
        },
        "east": {
          "uv": [
            5,
            2,
            11,
            14
          ],
          "texture": "#material"
        },
        "west": {
          "uv": [
            5,
            2,
            11,
            14
          ],
          "texture": "#material"
        },
        "up": {
          "uv": [
            5,
            5,
            11,
            11
          ],
          "texture": "#material"
        },
        "down": {
          "uv": [
            5,
            5,
            11,
            11
          ],
          "texture": "#material"
        }
      }
    },
    {
      "from": [
        -2.14,
        2.93,
        2.93
      ],
      "to": [
        18.14,
        13.07,
        13.07
      ],
      "faces": {
        "north": {
          "uv": [
            2,
            5,
            11,
            11
          ],
          "texture": "#material"
        },
        "south": {
          "uv": [
            2,
            5,
            11,
            11
          ],
          "texture": "#material"
        },
        "east": {
          "uv": [
            5,
            5,
            11,
            11
          ],
          "texture": "#material"
        },
        "west": {
          "uv": [
            5,
            5,
            11,
            11
          ],
          "texture": "#material"
        },
        "up": {
          "uv": [
            2,
            5,
            14,
            11
          ],
          "texture": "#material"
        },
        "down": {
          "uv": [
            2,
            5,
            14,
            11
          ],
          "texture": "#material"
        }
      }
    },
    {
      "from": [
        2.93,
        2.93,
        -2.14
      ],
      "to": [
        13.07,
        13.07,
        18.14
      ],
      "faces": {
        "north": {
          "uv": [
            5,
            5,
            14,
            11
          ],
          "texture": "#material"
        },
        "south": {
          "uv": [
            5,
            5,
            14,
            11
          ],
          "texture": "#material"
        },
        "east": {
          "uv": [
            2,
            5,
            14,
            11
          ],
          "texture": "#material"
        },
        "west": {
          "uv": [
            2,
            5,
            14,
            11
          ],
          "texture": "#material"
        },
        "up": {
          "uv": [
            5,
            2,
            11,
            14
          ],
          "texture": "#material"
        },
        "down": {
          "uv": [
            5,
            2,
            11,
            14
          ],
          "texture": "#material"
        }
      }
    }
  ],
  "display": {
    "thirdperson_righthand": {
      "rotation": [
        -140,
        -45,
        0
      ],
      "translation": [
        0,
        1.5,
        -0.4
      ],
      "scale": [
        0.3,
        0.3,
        0.3
      ]
    },
    "firstperson_righthand": {
      "rotation": [
        20,
        -135,
        20
      ],
      "translation": [
        0,
        2,
        2
      ],
      "scale": [
        0.3,
        0.3,
        0.3
      ]
    },
    "thirdperson_lefthand": {
      "rotation": [
        -140,
        -45,
        0
      ],
      "translation": [
        0,
        1.5,
        -0.4
      ],
      "scale": [
        0.3,
        0.3,
        0.3
      ]
    },
    "firstperson_lefthand": {
      "rotation": [
        20,
        -135,
        20
      ],
      "translation": [
        0,
        2,
        2
      ],
      "scale": [
        0.3,
        0.3,
        0.3
      ]
    },
    "gui": {
      "scale": [
        0.8,
        0.8,
        0.8
      ]
    }
  }
}